type,variety,level_2,dist01,dist02,dist03,dist04,dist05,dist06,dist07,dist08,dist09,dist10,dist11,dist12,dist13,dist14,dist15,dist16,dist17
Raisin,Fiesta ,brixfactor,0.0,0.0,0.0,0.0,0.0,0.0,0.0,0.0,0.0,0.0,0.0,0.0,1166.6666666666667,100.0,0.0,0.0,0.0
Raisin,Fiesta ,tons,0.0,0.0,0.0,0.0,0.0,0.0,0.0,0.0,0.0,0.0,0.0,0.0,11652.5,2080.7,0.0,0.0,0.0
Raisin,Fiesta ,wt_ave_base,0.0,0.0,0.0,0.0,0.0,0.0,0.0,0.0,0.0,0.0,0.0,0.0,234.2,350.0,0.0,0.0,0.0
Raisin,Other Raisin  b/ ,brixfactor,100.0,0.0,0.0,0.0,0.0,0.0,0.0,0.0,0.0,0.0,0.0,0.0,100.0,0.0,0.0,0.0,0.0
Raisin,Other Raisin  b/ ,tons,4.3,0.0,0.0,0.0,0.0,0.0,0.0,0.0,0.0,0.0,0.0,0.0,45.8,0.0,0.0,0.0,0.0
Raisin,Other Raisin  b/ ,wt_ave_base,2000.0,0.0,0.0,0.0,0.0,0.0,0.0,0.0,0.0,0.0,0.0,0.0,240.0,0.0,0.0,0.0,0.0
Raisin,Thompson Seedless ,brixfactor,0.0,0.0,0.0,0.0,0.0,0.0,0.0,0.0,0.0,0.0,0.0,0.0,1650.0,100.0,0.0,0.0,0.0
Raisin,Thompson Seedless ,tons,0.0,0.0,0.0,0.0,0.0,0.0,0.0,0.0,0.0,0.0,0.0,0.0,19614.1,10630.0,0.0,0.0,0.0
Raisin,Thompson Seedless ,wt_ave_base,0.0,0.0,0.0,0.0,0.0,0.0,0.0,0.0,0.0,0.0,0.0,0.0,259.01,193.11,0.0,0.0,0.0
Red Wine,Aglianico ,brixfactor,0.0,100.0,100.0,0.0,0.0,0.0,0.0,8588.888888888889,5700.0,100.0,100.0,10550.0,100.0,0.0,0.0,11700.0,100.0
Red Wine,Aglianico ,tons,0.0,0.5,6.1,0.0,0.0,0.0,0.0,28.0,8.1,6.7,72.4,5.6,0.8,0.0,0.0,18.7,4.8
Red Wine,Aglianico ,wt_ave_base,0.0,1100.0,3770.49,0.0,0.0,0.0,0.0,1848.02,1700.0,1880.89,932.56,1119.64,750.0,0.0,0.0,2495.15,1498.44
Red Wine,Aleatico ,brixfactor,0.0,0.0,575.0,100.0,0.0,0.0,0.0,0.0,0.0,0.0,0.0,0.0,0.0,0.0,0.0,8950.0,0.0
Red Wine,Aleatico ,tons,0.0,0.0,16.7,2.4,0.0,0.0,0.0,0.0,0.0,0.0,0.0,0.0,0.0,0.0,0.0,4.7,0.0
Red Wine,Aleatico ,wt_ave_base,0.0,0.0,2723.35,3200.0,0.0,0.0,0.0,0.0,0.0,0.0,0.0,0.0,0.0,0.0,0.0,2104.26,0.0
Red Wine,Alicante Bouschet * ,brixfactor,0.0,0.0,8682.6,0.0,0.0,14300.166666666666,0.0,100.0,100.0,11242.857142857143,24510.35714285714,100.0,17525.714285714286,0.0,8333.333333333334,100.0,0.0
Red Wine,Alicante Bouschet * ,tons,0.0,0.0,88.3,0.0,0.0,65.5,0.0,42.9,2.2,26.1,2199.2,6.7,451.8,0.0,5.0,18.8,0.0
Red Wine,Alicante Bouschet * ,wt_ave_base,0.0,0.0,3075.89,0.0,0.0,1113.21,0.0,1954.81,1400.0,1466.63,437.01,1084.33,286.19,0.0,1110.0,1114.89,0.0
Red Wine,Alvarinho ,brixfactor,0.0,0.0,0.0,0.0,0.0,0.0,0.0,0.0,0.0,0.0,100.0,0.0,100.0,0.0,0.0,0.0,0.0
Red Wine,Alvarinho ,tons,0.0,0.0,0.0,0.0,0.0,0.0,0.0,0.0,0.0,0.0,3.0,0.0,1.5,0.0,0.0,0.0,0.0
Red Wine,Alvarinho ,wt_ave_base,0.0,0.0,0.0,0.0,0.0,0.0,0.0,0.0,0.0,0.0,1400.0,0.0,750.0,0.0,0.0,0.0,0.0
Red Wine,Arinarnoa ,brixfactor,0.0,0.0,0.0,0.0,0.0,0.0,0.0,0.0,0.0,0.0,0.0,0.0,8650.0,0.0,0.0,0.0,0.0
Red Wine,Arinarnoa ,tons,0.0,0.0,0.0,0.0,0.0,0.0,0.0,0.0,0.0,0.0,0.0,0.0,1923.0,0.0,0.0,0.0,0.0
Red Wine,Arinarnoa ,wt_ave_base,0.0,0.0,0.0,0.0,0.0,0.0,0.0,0.0,0.0,0.0,0.0,0.0,227.24,0.0,0.0,0.0,0.0
Red Wine,Barbera ,brixfactor,3870.0,13125.0,3464.705882352941,8500.0,100.0,3522.222222222222,100.0,5555.555555555556,7916.666666666667,11283.5,6653.125,7683.333333333333,9821.578947368422,18900.0,8650.0,7353.846153846154,4216.666666666667
Red Wine,Barbera ,tons,88.6,92.3,103.7,2.1,9.2,16.1,6.5,203.6,40.7,709.0,988.2,25.8,28682.6,2314.8,3.5,63.7,19.2
Red Wine,Barbera ,wt_ave_base,1830.75,1550.81,3260.79,2424.33,1528.26,1110.53,1966.15,1438.72,1665.6,1629.45,683.07,1310.47,307.27,163.18,1157.14,2143.57,1202.6
Red Wine,Blaufraenkisch * ,brixfactor,0.0,0.0,17400.0,0.0,0.0,0.0,0.0,11400.0,100.0,0.0,0.0,100.0,0.0,0.0,0.0,0.0,0.0
Red Wine,Blaufraenkisch * ,tons,0.0,0.0,0.5,0.0,0.0,0.0,0.0,7.9,5.8,0.0,0.0,1.8,0.0,0.0,0.0,0.0,0.0
Red Wine,Blaufraenkisch * ,wt_ave_base,0.0,0.0,2000.0,0.0,0.0,0.0,0.0,1800.0,1879.31,0.0,0.0,1000.0,0.0,0.0,0.0,0.0,0.0
Red Wine,Cabernet Dorsa ,brixfactor,0.0,0.0,0.0,0.0,0.0,0.0,0.0,0.0,0.0,0.0,100.0,0.0,100.0,0.0,0.0,0.0,0.0
Red Wine,Cabernet Dorsa ,tons,0.0,0.0,0.0,0.0,0.0,0.0,0.0,0.0,0.0,0.0,390.0,0.0,1277.9,0.0,0.0,0.0,0.0
Red Wine,Cabernet Dorsa ,wt_ave_base,0.0,0.0,0.0,0.0,0.0,0.0,0.0,0.0,0.0,0.0,150.0,0.0,161.89,0.0,0.0,0.0,0.0
Red Wine,Cabernet Franc ,brixfactor,5200.0,17805.76923076923,6202.35294117647,5282.279792746114,100.0,4726.8,1500.0,6732.051282051282,7066.666666666667,8327.777777777777,18713.46153846154,0.0,8200.0,100.0,17400.0,11056.521739130434,6370.0
Red Wine,Cabernet Franc ,tons,19.1,281.9,831.1,1364.9,33.5,116.1,286.7,1753.5,7.1,346.1,2324.5,0.0,44.3,1.1,3.5,131.3,120.1
Red Wine,Cabernet Franc ,wt_ave_base,3168.59,2037.3,3815.93,9257.9,1925.0,2484.57,1587.54,2604.52,1221.13,1706.16,540.86,0.0,400.11,1850.0,1000.0,1750.36,878.89
Red Wine,Cabernet Sauvignon ,brixfactor,11309.929411764706,10823.655913978495,7807.910364145659,7368.685540950455,2720.2380952380954,6258.058823529412,6936.507936507936,11092.223880597016,8147.35294117647,10770.108695652174,23007.745614035088,29003.1,18758.52,22700.0,5833.333333333333,8343.589743589744,5343.75
Red Wine,Cabernet Sauvignon ,tons,6480.5,13915.2,27293.4,45241.7,1029.9,2867.2,16110.0,61228.3,3988.0,2664.9,136249.7,49055.2,46270.2,10525.2,9.4,365.5,1607.1
Red Wine,Cabernet Sauvignon ,wt_ave_base,1989.79,2333.23,3055.25,7942.93,2041.59,1275.04,1338.25,1656.11,721.56,1502.45,605.26,458.58,364.32,304.55,1402.66,1812.7,872.81
Red Wine,Carignane ,brixfactor,7502.0,0.0,6264.285714285715,7666.666666666667,7333.333333333333,7631.107142857143,100.0,2238.8888888888887,100.0,5385.714285714285,12260.818181818182,27500.0,13510.0,0.0,0.0,9450.0,100.0
Red Wine,Carignane ,tons,852.8,0.0,304.1,10.1,44.8,414.1,5.0,85.2,0.5,16.4,1134.3,3.1,3645.3,0.0,0.0,49.4,0.5
Red Wine,Carignane ,wt_ave_base,1412.49,0.0,2574.13,3388.43,1709.82,1635.3,1500.0,2357.14,750.0,1762.5,576.17,1200.0,245.62,0.0,0.0,1472.85,600.0
Red Wine,Carmenere ,brixfactor,8650.0,0.0,0.0,0.0,0.0,0.0,0.0,100.0,0.0,0.0,52025.0,0.0,0.0,0.0,0.0,10550.0,0.0
Red Wine,Carmenere ,tons,2.3,0.0,0.0,0.0,0.0,0.0,0.0,10.6,0.0,0.0,19.2,0.0,0.0,0.0,0.0,1.7,0.0
Red Wine,Carmenere ,wt_ave_base,2200.0,0.0,0.0,0.0,0.0,0.0,0.0,3749.59,0.0,0.0,900.0,0.0,0.0,0.0,0.0,1588.24,0.0
Red Wine,Centurian ,brixfactor,0.0,0.0,0.0,0.0,0.0,0.0,0.0,0.0,0.0,0.0,0.0,0.0,31700.0,0.0,0.0,0.0,0.0
Red Wine,Centurian ,tons,0.0,0.0,0.0,0.0,0.0,0.0,0.0,0.0,0.0,0.0,0.0,0.0,1361.8,0.0,0.0,0.0,0.0
Red Wine,Centurian ,wt_ave_base,0.0,0.0,0.0,0.0,0.0,0.0,0.0,0.0,0.0,0.0,0.0,0.0,334.18,0.0,0.0,0.0,0.0
Red Wine,Charbono ,brixfactor,9047.0,8550.0,100.0,100.0,100.0,0.0,0.0,100.0,0.0,100.0,3700.0,0.0,0.0,0.0,0.0,0.0,0.0
Red Wine,Charbono ,tons,25.9,4.7,2.0,124.1,12.1,0.0,0.0,12.5,0.0,10.0,12.1,0.0,0.0,0.0,0.0,0.0,0.0
Red Wine,Charbono ,wt_ave_base,1833.98,1319.15,1500.0,3954.56,1200.0,0.0,0.0,1600.0,0.0,1754.5,1054.55,0.0,0.0,0.0,0.0,0.0,0.0
Red Wine,Ciliegiolo ,brixfactor,0.0,0.0,0.0,0.0,0.0,0.0,0.0,0.0,0.0,0.0,100.0,14550.0,0.0,0.0,0.0,0.0,0.0
Red Wine,Ciliegiolo ,tons,0.0,0.0,0.0,0.0,0.0,0.0,0.0,0.0,0.0,0.0,1.5,4.8,0.0,0.0,0.0,0.0,0.0
Red Wine,Ciliegiolo ,wt_ave_base,0.0,0.0,0.0,0.0,0.0,0.0,0.0,0.0,0.0,0.0,1200.0,1000.0,0.0,0.0,0.0,0.0,0.0
Red Wine,Cinsaut * ,brixfactor,100.0,0.0,1787.5,100.0,0.0,8950.0,2316.6666666666665,4631.25,0.0,4240.0,4166.666666666667,0.0,0.0,0.0,0.0,1425.0,0.0
Red Wine,Cinsaut * ,tons,4.2,0.0,19.2,0.9,0.0,9.5,73.7,109.0,0.0,30.5,136.1,0.0,0.0,0.0,0.0,49.8,0.0
Red Wine,Cinsaut * ,wt_ave_base,4225.0,0.0,3074.85,5342.71,0.0,838.68,839.82,2241.82,0.0,1812.56,1335.14,0.0,0.0,0.0,0.0,1733.42,0.0
Red Wine,Counoise ,brixfactor,100.0,0.0,100.0,13800.0,0.0,100.0,0.0,2260.0,5750.0,2800.0,0.0,100.0,5400.0,0.0,0.0,10700.0,0.0
Red Wine,Counoise ,tons,2.9,0.0,4.2,0.6,0.0,1.0,0.0,73.6,1.5,9.1,0.0,9.4,3.2,0.0,0.0,2.0,0.0
Red Wine,Counoise ,wt_ave_base,3982.76,0.0,2406.56,3000.0,0.0,1700.0,0.0,2300.92,1700.0,2338.46,0.0,1200.0,1300.0,0.0,0.0,1400.0,0.0
Red Wine,Dolcetto ,brixfactor,6466.666666666667,17800.0,8400.0,7050.0,0.0,100.0,100.0,3475.0,0.0,12241.666666666666,100.0,0.0,0.0,0.0,0.0,0.0,0.0
Red Wine,Dolcetto ,tons,86.7,1.3,11.9,2.4,0.0,5.8,2.0,26.7,0.0,22.9,23.8,0.0,0.0,0.0,0.0,0.0,0.0
Red Wine,Dolcetto ,wt_ave_base,1778.45,1500.0,2747.06,2753.83,0.0,3300.0,500.0,1262.92,0.0,1530.57,840.34,0.0,0.0,0.0,0.0,0.0,0.0
Red Wine,Dornfelder ,brixfactor,0.0,0.0,0.0,0.0,0.0,0.0,100.0,100.0,0.0,0.0,67605.0,8650.0,0.0,0.0,0.0,0.0,0.0
Red Wine,Dornfelder ,tons,0.0,0.0,0.0,0.0,0.0,0.0,7.2,2.7,0.0,0.0,119.9,486.4,0.0,0.0,0.0,0.0,0.0
Red Wine,Dornfelder ,wt_ave_base,0.0,0.0,0.0,0.0,0.0,0.0,2000.0,3800.0,0.0,0.0,617.0,151.05,0.0,0.0,0.0,0.0,0.0
Red Wine,Durif ,brixfactor,0.0,0.0,0.0,0.0,0.0,100.0,0.0,0.0,21200.0,0.0,0.0,0.0,0.0,0.0,0.0,0.0,0.0
Red Wine,Durif ,tons,0.0,0.0,0.0,0.0,0.0,1.2,0.0,0.0,2.1,0.0,0.0,0.0,0.0,0.0,0.0,0.0,0.0
Red Wine,Durif ,wt_ave_base,0.0,0.0,0.0,0.0,0.0,1550.0,0.0,0.0,1004.76,0.0,0.0,0.0,0.0,0.0,0.0,0.0,0.0
Red Wine,Freisa ,brixfactor,0.0,0.0,0.0,0.0,0.0,0.0,9500.0,100.0,0.0,0.0,0.0,7325.0,0.0,0.0,0.0,0.0,0.0
Red Wine,Freisa ,tons,0.0,0.0,0.0,0.0,0.0,0.0,1.8,3.1,0.0,0.0,0.0,4.5,0.0,0.0,0.0,0.0,0.0
Red Wine,Freisa ,wt_ave_base,0.0,0.0,0.0,0.0,0.0,0.0,2000.0,1000.0,0.0,0.0,0.0,1053.33,0.0,0.0,0.0,0.0,0.0
Red Wine,Gamay (Napa) * ,brixfactor,1566.8181818181818,0.0,7242.857142857143,3520.0,100.0,0.0,100.0,4776.470588235294,0.0,7666.666666666667,100.0,0.0,100.0,0.0,0.0,0.0,100.0
Red Wine,Gamay (Napa) * ,tons,65.3,0.0,20.6,62.2,112.6,0.0,243.3,320.5,0.0,18.7,2.0,0.0,36.8,0.0,0.0,0.0,132.1
Red Wine,Gamay (Napa) * ,wt_ave_base,1675.5,0.0,2313.75,2848.04,1682.61,0.0,1022.11,1114.27,0.0,2300.0,1200.0,0.0,1106.14,0.0,0.0,0.0,510.6
Red Wine,Gamay Noir Au Jus Blanc ,brixfactor,0.0,0.0,0.0,100.0,0.0,0.0,0.0,0.0,0.0,6225.0,0.0,0.0,0.0,0.0,0.0,0.0,0.0
Red Wine,Gamay Noir Au Jus Blanc ,tons,0.0,0.0,0.0,2.8,0.0,0.0,0.0,0.0,0.0,35.2,0.0,0.0,0.0,0.0,0.0,0.0,0.0
Red Wine,Gamay Noir Au Jus Blanc ,wt_ave_base,0.0,0.0,0.0,2600.0,0.0,0.0,0.0,0.0,0.0,2541.48,0.0,0.0,0.0,0.0,0.0,0.0,0.0
Red Wine,Graciano ,brixfactor,0.0,0.0,0.0,0.0,100.0,0.0,0.0,5422.222222222223,100.0,3583.3333333333335,19034.75,100.0,0.0,0.0,0.0,0.0,100.0
Red Wine,Graciano ,tons,0.0,0.0,0.0,0.0,0.8,0.0,0.0,144.3,6.6,8.1,516.5,5.8,0.0,0.0,0.0,0.0,0.5
Red Wine,Graciano ,wt_ave_base,0.0,0.0,0.0,0.0,1250.0,0.0,0.0,3162.07,1340.91,2103.7,712.42,1700.0,0.0,0.0,0.0,0.0,600.0
Red Wine,Grenache * ,brixfactor,10685.365853658537,5812.5,8936.194029850747,3375.0,100.0,10863.74074074074,4200.0,8433.14,4545.833333333333,9675.0,6910.526315789473,16370.0,8827.5,9670.0,5040.0,6905.555555555556,3557.1428571428573
Red Wine,Grenache * ,tons,435.1,104.5,509.4,155.7,9.4,392.3,2480.2,4062.3,75.4,311.4,825.0,941.2,19429.3,1244.7,11.9,128.2,22.8
Red Wine,Grenache * ,wt_ave_base,2154.64,1729.87,3203.49,4459.52,1386.17,1283.98,1311.51,1959.03,1581.9,1882.63,717.38,497.27,335.83,325.0,1264.33,1434.98,1207.35
Red Wine,Lagrein ,brixfactor,0.0,0.0,0.0,100.0,0.0,0.0,0.0,5154.545454545455,0.0,11480.0,0.0,0.0,0.0,0.0,0.0,0.0,0.0
Red Wine,Lagrein ,tons,0.0,0.0,0.0,3.0,0.0,0.0,0.0,180.3,0.0,6.5,0.0,0.0,0.0,0.0,0.0,0.0,0.0
Red Wine,Lagrein ,wt_ave_base,0.0,0.0,0.0,4000.0,0.0,0.0,0.0,1661.26,0.0,2180.0,0.0,0.0,0.0,0.0,0.0,0.0,0.0
Red Wine,Malbec ,brixfactor,8500.0,12061.0,5482.371794871795,5632.696078431372,875.0,7126.315789473684,4715.789473684211,9591.42857142857,9593.214285714286,5031.818181818182,21055.13888888889,19000.0,13283.333333333334,100.0,4425.0,3447.0588235294117,5787.5
Red Wine,Malbec ,tons,70.9,753.2,707.9,933.0,57.2,177.7,1776.5,1670.8,1857.7,135.5,16883.1,4031.8,1591.5,0.9,5.6,66.8,99.5
Red Wine,Malbec ,wt_ave_base,1842.31,1792.38,3041.79,6076.43,1975.74,1839.72,1377.09,1833.36,691.08,1700.48,548.23,181.51,338.92,1600.0,1509.82,1799.79,754.32
Red Wine,Merlot ,brixfactor,6674.523809523809,12426.85,7021.900662251655,6947.354609929078,1250.0,10733.444444444445,2900.0,8734.805825242718,7462.5,7084.615384615385,19673.95238095238,31699.714285714286,23196.458333333332,5800.0,100.0,10125.806451612903,15831.3125
Red Wine,Merlot ,tons,2546.3,885.1,7891.3,7563.6,472.6,1466.1,6391.1,7177.5,1385.3,637.7,61293.0,17197.9,28933.7,13921.7,34.2,184.2,4588.3
Red Wine,Merlot ,wt_ave_base,1340.63,1308.34,2000.21,4047.09,1702.71,1054.19,981.41,1427.81,615.9,1764.37,494.66,446.96,330.18,175.09,461.7,1814.37,603.59
Red Wine,Meunier * ,brixfactor,0.0,0.0,5490.0,4250.0,0.0,0.0,0.0,0.0,0.0,0.0,0.0,0.0,0.0,0.0,0.0,0.0,0.0
Red Wine,Meunier * ,tons,0.0,0.0,181.6,206.1,0.0,0.0,0.0,0.0,0.0,0.0,0.0,0.0,0.0,0.0,0.0,0.0,0.0
Red Wine,Meunier * ,wt_ave_base,0.0,0.0,2526.8,2036.03,0.0,0.0,0.0,0.0,0.0,0.0,0.0,0.0,0.0,0.0,0.0,0.0,0.0
Red Wine,Mission ,brixfactor,0.0,0.0,0.0,0.0,0.0,100.0,0.0,0.0,0.0,5940.0,4433.333333333333,13800.0,100.0,17400.0,0.0,8950.0,0.0
Red Wine,Mission ,tons,0.0,0.0,0.0,0.0,0.0,0.2,0.0,0.0,0.0,8.7,30.9,3.9,872.1,2.6,0.0,29.9,0.0
Red Wine,Mission ,wt_ave_base,0.0,0.0,0.0,0.0,0.0,100.0,0.0,0.0,0.0,2402.25,848.54,948.72,250.0,500.0,0.0,528.43,0.0
Red Wine,Monastrell ,brixfactor,0.0,0.0,0.0,0.0,0.0,0.0,0.0,100.0,0.0,0.0,100.0,0.0,0.0,0.0,0.0,100.0,0.0
Red Wine,Monastrell ,tons,0.0,0.0,0.0,0.0,0.0,0.0,0.0,2.0,0.0,0.0,6.1,0.0,0.0,0.0,0.0,1.1,0.0
Red Wine,Monastrell ,wt_ave_base,0.0,0.0,0.0,0.0,0.0,0.0,0.0,4016.75,0.0,0.0,1677.87,0.0,0.0,0.0,0.0,2100.0,0.0
Red Wine,Montepulciano ,brixfactor,3467.5,100.0,100.0,100.0,0.0,100.0,100.0,3635.0,24300.0,4566.666666666667,100.0,19090.0,0.0,0.0,0.0,3583.3333333333335,0.0
Red Wine,Montepulciano ,tons,3.8,8.5,9.7,2.2,0.0,1.6,5.8,11.6,56.0,3.4,41.0,210.8,0.0,0.0,0.0,100.7,0.0
Red Wine,Montepulciano ,wt_ave_base,2100.0,1347.06,4793.81,2000.0,0.0,800.0,2107.76,2464.66,1427.78,1311.76,656.1,637.78,0.0,0.0,0.0,2452.06,0.0
Red Wine,Mourvedre * ,brixfactor,100.0,100.0,6773.333333333333,7020.0,100.0,6880.677419354839,5500.0,8335.90909090909,3470.0,7681.818181818182,5262.5,20950.0,1447.0,0.0,100.0,8125.0,8460.0
Red Wine,Mourvedre * ,tons,17.6,64.4,104.8,12.8,15.8,938.8,72.2,845.2,21.8,207.2,40.1,4.8,39.1,0.0,1.0,40.9,7.3
Red Wine,Mourvedre * ,wt_ave_base,4148.58,1881.99,3455.43,4056.68,1696.84,1695.82,2465.17,2635.54,1724.31,1919.22,960.68,1312.5,723.94,0.0,1600.0,1890.88,1420.21
Red Wine,Muscat Hamburg * ,brixfactor,0.0,0.0,0.0,0.0,0.0,0.0,0.0,0.0,100.0,100.0,100.0,100.0,100.0,0.0,0.0,0.0,0.0
Red Wine,Muscat Hamburg * ,tons,0.0,0.0,0.0,0.0,0.0,0.0,0.0,0.0,0.4,2.2,145.2,171.2,670.9,0.0,0.0,0.0,0.0
Red Wine,Muscat Hamburg * ,wt_ave_base,0.0,0.0,0.0,0.0,0.0,0.0,0.0,0.0,1500.0,1336.36,715.67,703.36,475.0,0.0,0.0,0.0,0.0
Red Wine,Nebbiolo ,brixfactor,12200.0,0.0,4280.0,100.0,0.0,8025.0,14550.0,11629.411764705883,100.0,1228.5714285714287,5733.333333333333,0.0,21395.0,0.0,0.0,2125.0,5933.333333333333
Red Wine,Nebbiolo ,tons,18.6,0.0,8.0,0.5,0.0,10.1,1.1,184.2,7.2,22.7,18.2,0.0,72.1,0.0,0.0,11.6,7.3
Red Wine,Nebbiolo ,wt_ave_base,2378.49,0.0,2306.25,2500.0,0.0,3168.32,2400.0,1663.31,1635.42,2175.55,1867.58,0.0,422.12,0.0,0.0,1851.72,1545.89
Red Wine,Negrette * ,brixfactor,0.0,0.0,0.0,100.0,0.0,0.0,100.0,0.0,0.0,0.0,0.0,0.0,0.0,0.0,0.0,0.0,0.0
Red Wine,Negrette * ,tons,0.0,0.0,0.0,0.4,0.0,0.0,4.4,0.0,0.0,0.0,0.0,0.0,0.0,0.0,0.0,0.0,0.0
Red Wine,Negrette * ,wt_ave_base,0.0,0.0,0.0,3800.0,0.0,0.0,2509.09,0.0,0.0,0.0,0.0,0.0,0.0,0.0,0.0,0.0,0.0
Red Wine,Negroamaro ,brixfactor,100.0,0.0,0.0,0.0,0.0,0.0,0.0,17675.0,21250.0,100.0,0.0,14550.0,0.0,0.0,0.0,13400.0,0.0
Red Wine,Negroamaro ,tons,4.2,0.0,0.0,0.0,0.0,0.0,0.0,66.0,1.3,2.4,0.0,4.9,0.0,0.0,0.0,5.7,0.0
Red Wine,Negroamaro ,wt_ave_base,1800.0,0.0,0.0,0.0,0.0,0.0,0.0,1223.91,1319.23,2400.0,0.0,1000.0,0.0,0.0,0.0,1140.0,0.0
Red Wine,Nero D'Avola * ,brixfactor,100.0,100.0,0.0,0.0,0.0,0.0,0.0,7680.0,100.0,5866.666666666667,100.0,11883.333333333334,100.0,0.0,0.0,0.0,100.0
Red Wine,Nero D'Avola * ,tons,6.9,5.8,0.0,0.0,0.0,0.0,0.0,18.5,0.5,1.2,42.6,14.8,1.1,0.0,0.0,0.0,1.4
Red Wine,Nero D'Avola * ,wt_ave_base,2100.0,3000.0,0.0,0.0,0.0,0.0,0.0,2153.83,1400.0,1525.0,748.83,1080.41,3500.0,0.0,0.0,0.0,1400.0
Red Wine,Other Red  b/ ,brixfactor,1642.857142857143,100.0,1172.7272727272727,100.0,0.0,1983.3333333333333,100.0,8462.5,15266.666666666666,5533.333333333333,100.0,14350.0,6400.0,100.0,100.0,0.0,100.0
Red Wine,Other Red  b/ ,tons,44.6,4.5,204.1,34.9,0.0,56.6,18.0,34.2,1.9,9.9,60.1,880.6,3775.5,1677.3,0.8,0.0,53.5
Red Wine,Other Red  b/ ,wt_ave_base,2097.23,2333.33,3575.49,4990.57,0.0,1024.22,2247.22,1825.83,1409.21,1767.17,1421.26,426.16,100.13,116.37,1600.0,0.0,500.0
Red Wine,Petit Verdot ,brixfactor,12580.0,8461.666666666666,5821.774193548387,5186.102564102564,100.0,8937.0,100.0,7861.95652173913,10477.058823529413,8125.0,31707.19512195122,27674.0,8200.0,0.0,100.0,8257.142857142857,8520.0
Red Wine,Petit Verdot ,tons,43.5,272.4,384.3,1158.8,165.6,1247.0,222.8,2573.2,2748.0,197.0,10610.4,7182.3,877.1,0.0,1.5,23.3,11.3
Red Wine,Petit Verdot ,wt_ave_base,1908.03,2219.37,3403.84,7394.07,1951.43,823.35,1471.09,1744.71,761.08,1646.41,582.71,561.04,449.13,0.0,1200.0,1785.54,1211.95
Red Wine,Petite Sirah ,brixfactor,12230.407407407407,13220.833333333334,5926.92380952381,6944.024390243902,426.3157894736842,8215.363636363636,4321.0526315789475,10468.795620437957,6960.333333333333,9584.895833333334,24632.7,26563.0,6385.714285714285,100.0,0.0,7765.384615384615,21889.153846153848
Red Wine,Petite Sirah ,tons,1273.8,2055.5,1348.9,2045.3,960.3,1461.9,1606.3,6076.1,4050.2,562.7,36809.1,12841.3,2301.0,163.9,0.0,188.6,8159.3
Red Wine,Petite Sirah ,wt_ave_base,1872.21,1904.46,3159.83,4057.47,1669.76,1155.12,1416.26,1633.62,781.52,1640.72,678.82,484.48,276.56,450.0,0.0,1990.6,733.87
Red Wine,Pinot Noir ,brixfactor,5263.532110091744,11757.142857142857,8757.332197614991,5357.646551724138,7084.523809523809,9132.017543859649,7005.388888888889,7276.368613138686,4570.0,3837.5,29293.77192982456,23286.6875,2662.5,100.0,800.0,8650.0,19703.14285714286
Red Wine,Pinot Noir ,tons,3178.4,277.9,25905.0,5340.2,5984.2,819.4,37335.0,16426.9,1867.3,46.1,37944.0,12486.6,10730.8,8150.2,8.8,7.2,22665.5
Red Wine,Pinot Noir ,wt_ave_base,3141.2,1284.01,3944.51,2770.82,892.87,2668.4,1880.11,2765.92,436.14,1919.52,564.76,302.76,251.66,100.0,2974.75,1794.44,714.93
Red Wine,Pinotage ,brixfactor,100.0,0.0,0.0,0.0,0.0,0.0,0.0,0.0,0.0,0.0,100.0,100.0,0.0,0.0,0.0,0.0,0.0
Red Wine,Pinotage ,tons,18.7,0.0,0.0,0.0,0.0,0.0,0.0,0.0,0.0,0.0,13.6,1.0,0.0,0.0,0.0,0.0,0.0
Red Wine,Pinotage ,wt_ave_base,1507.02,0.0,0.0,0.0,0.0,0.0,0.0,0.0,0.0,0.0,1247.79,1200.0,0.0,0.0,0.0,0.0,0.0
Red Wine,Primitivo ,brixfactor,3560.0,100.0,2217.6470588235293,8433.333333333334,100.0,100.0,100.0,10480.0,7133.333333333333,8851.08695652174,100.0,27800.0,0.0,0.0,0.0,15566.666666666666,100.0
Red Wine,Primitivo ,tons,63.9,6.0,199.6,20.0,2.9,30.1,50.4,382.4,3.2,151.9,283.9,6.4,0.0,0.0,0.0,14.7,11.7
Red Wine,Primitivo ,wt_ave_base,1618.97,900.0,2541.6,4135.7,1625.0,753.82,1792.78,851.78,1120.31,1647.27,468.96,1187.5,0.0,0.0,0.0,1483.88,1230.77
Red Wine,Refosco * ,brixfactor,0.0,0.0,13100.0,100.0,0.0,100.0,0.0,100.0,0.0,0.0,100.0,0.0,0.0,0.0,0.0,0.0,0.0
Red Wine,Refosco * ,tons,0.0,0.0,0.7,0.7,0.0,2.4,0.0,39.4,0.0,0.0,3.0,0.0,0.0,0.0,0.0,0.0,0.0
Red Wine,Refosco * ,wt_ave_base,0.0,0.0,3444.0,3800.0,0.0,3400.0,0.0,1426.86,0.0,0.0,2200.0,0.0,0.0,0.0,0.0,0.0,0.0
Red Wine,Royalty ,brixfactor,0.0,0.0,0.0,0.0,0.0,0.0,0.0,0.0,0.0,0.0,0.0,0.0,100.0,0.0,0.0,0.0,0.0
Red Wine,Royalty ,tons,0.0,0.0,0.0,0.0,0.0,0.0,0.0,0.0,0.0,0.0,0.0,0.0,45.1,0.0,0.0,0.0,0.0
Red Wine,Royalty ,wt_ave_base,0.0,0.0,0.0,0.0,0.0,0.0,0.0,0.0,0.0,0.0,0.0,0.0,475.0,0.0,0.0,0.0,0.0
Red Wine,Rubired * ,brixfactor,0.0,0.0,0.0,0.0,0.0,0.0,0.0,0.0,0.0,0.0,7616.666666666667,50402.5,38249.12727272727,39306.333333333336,0.0,0.0,0.0
Red Wine,Rubired * ,tons,0.0,0.0,0.0,0.0,0.0,0.0,0.0,0.0,0.0,0.0,2006.8,3251.5,184609.2,45395.3,0.0,0.0,0.0
Red Wine,Rubired * ,wt_ave_base,0.0,0.0,0.0,0.0,0.0,0.0,0.0,0.0,0.0,0.0,259.02,229.51,260.77,230.73,0.0,0.0,0.0
Red Wine,Ruby Cabernet ,brixfactor,0.0,0.0,0.0,0.0,0.0,0.0,0.0,0.0,100.0,0.0,100.0,23050.0,24093.75,13460.0,0.0,100.0,0.0
Red Wine,Ruby Cabernet ,tons,0.0,0.0,0.0,0.0,0.0,0.0,0.0,0.0,0.2,0.0,253.7,884.0,16596.9,8655.3,0.0,1.7,0.0
Red Wine,Ruby Cabernet ,wt_ave_base,0.0,0.0,0.0,0.0,0.0,0.0,0.0,0.0,1900.0,0.0,597.28,440.52,237.34,254.91,0.0,1800.0,0.0
Red Wine,Sagrantino ,brixfactor,0.0,0.0,100.0,0.0,0.0,0.0,0.0,0.0,0.0,14650.0,100.0,17775.0,0.0,0.0,0.0,8650.0,0.0
Red Wine,Sagrantino ,tons,0.0,0.0,6.0,0.0,0.0,0.0,0.0,0.0,0.0,2.8,1.0,7.5,0.0,0.0,0.0,16.1,0.0
Red Wine,Sagrantino ,wt_ave_base,0.0,0.0,2960.0,0.0,0.0,0.0,0.0,0.0,0.0,1857.14,1400.0,1058.67,0.0,0.0,0.0,2237.94,0.0
Red Wine,Sangiovese * ,brixfactor,5707.142857142857,100.0,4947.058823529412,3572.7272727272725,2300.0,5533.333333333333,7810.0,6374.468085106383,12414.285714285714,11246.153846153846,5610.714285714285,100.0,11500.0,0.0,10650.0,6070.555555555556,0.0
Red Wine,Sangiovese * ,tons,193.2,25.2,363.9,232.2,55.5,61.9,178.0,503.3,11.2,233.6,501.6,1.0,365.1,0.0,0.7,175.3,0.0
Red Wine,Sangiovese * ,wt_ave_base,1929.92,1543.39,2576.01,4495.74,1455.87,1826.78,1384.49,1860.97,1262.05,1535.63,615.91,900.0,353.73,0.0,1485.71,2100.98,0.0
Red Wine,Segalin ,brixfactor,0.0,0.0,0.0,0.0,0.0,0.0,0.0,0.0,0.0,0.0,17200.0,0.0,100.0,0.0,0.0,0.0,0.0
Red Wine,Segalin ,tons,0.0,0.0,0.0,0.0,0.0,0.0,0.0,0.0,0.0,0.0,325.0,0.0,761.7,0.0,0.0,0.0,0.0
Red Wine,Segalin ,wt_ave_base,0.0,0.0,0.0,0.0,0.0,0.0,0.0,0.0,0.0,0.0,150.0,0.0,150.0,0.0,0.0,0.0,0.0
Red Wine,Souzao ,brixfactor,0.0,100.0,0.0,0.0,0.0,100.0,100.0,100.0,0.0,100.0,9160.714285714286,0.0,100.0,0.0,0.0,0.0,0.0
Red Wine,Souzao ,tons,0.0,4.8,0.0,0.0,0.0,2.8,22.4,12.7,0.0,4.0,164.5,0.0,794.4,0.0,0.0,0.0,0.0
Red Wine,Souzao ,wt_ave_base,0.0,1250.0,0.0,0.0,0.0,1439.29,1850.0,2378.46,0.0,1500.0,808.54,0.0,150.0,0.0,0.0,0.0,0.0
Red Wine,St Laurent ,brixfactor,0.0,100.0,4600.0,100.0,0.0,0.0,0.0,0.0,0.0,0.0,0.0,0.0,0.0,0.0,0.0,0.0,0.0
Red Wine,St Laurent ,tons,0.0,2.5,17.5,5.4,0.0,0.0,0.0,0.0,0.0,0.0,0.0,0.0,0.0,0.0,0.0,0.0,0.0
Red Wine,St Laurent ,wt_ave_base,0.0,2500.0,2547.91,2200.0,0.0,0.0,0.0,0.0,0.0,0.0,0.0,0.0,0.0,0.0,0.0,0.0,0.0
Red Wine,Syrah * ,brixfactor,8850.0,10111.363636363636,8358.173652694612,5331.632653061224,2075.0,8139.62962962963,5315.0,8806.090277777777,7619.722222222223,11695.716666666667,12752.75,11975.0,21215.652173913044,23366.666666666668,2983.3333333333335,9580.555555555555,0.0
Red Wine,Syrah * ,tons,1224.3,477.3,2208.4,1111.2,151.2,275.4,4069.5,7191.2,1518.5,824.9,11877.4,2383.7,26167.3,1027.9,13.5,214.0,0.0
Red Wine,Syrah * ,wt_ave_base,1649.41,1761.28,2812.1,4088.84,2026.24,1566.87,1283.31,2090.39,853.19,1684.13,494.13,393.29,340.11,195.55,1619.22,1768.92,0.0
Red Wine,Tannat ,brixfactor,100.0,0.0,14700.0,100.0,100.0,0.0,100.0,8977.272727272728,8833.333333333334,4940.0,4285.714285714285,23690.0,100.0,0.0,100.0,8950.0,7855.555555555556
Red Wine,Tannat ,tons,9.5,0.0,4.9,5.1,1.4,0.0,144.6,161.6,486.9,5.9,3274.6,1316.9,550.5,0.0,3.8,3.3,68.9
Red Wine,Tannat ,wt_ave_base,3789.37,0.0,4297.96,3700.0,1400.0,0.0,432.99,1764.96,1382.58,1720.34,563.4,171.22,450.0,0.0,1600.0,725.29,1044.32
Red Wine,Tempranillo * ,brixfactor,9450.0,14036.111111111111,100.0,2208.3333333333335,100.0,4092.8571428571427,100.0,8969.09090909091,16800.916666666668,7216.071428571428,7300.272727272727,1350.0,19268.571428571428,0.0,9316.666666666666,5509.523809523809,9178.57142857143
Red Wine,Tempranillo * ,tons,5.8,125.3,13.6,66.4,11.8,28.2,65.3,798.8,310.7,188.2,1196.2,55.3,5840.2,0.0,7.5,97.2,195.7
Red Wine,Tempranillo * ,wt_ave_base,1824.14,2057.64,2997.79,4661.85,1362.71,1445.39,1128.07,1638.02,740.54,1769.73,604.96,539.87,303.34,0.0,1353.33,1978.15,997.72
Red Wine,Teroldego ,brixfactor,0.0,0.0,100.0,0.0,100.0,67605.0,10450.0,56900.0,4240.0,20950.0,26636.565217391304,27102.4,28500.0,0.0,0.0,0.0,12888.125
Red Wine,Teroldego ,tons,0.0,0.0,1.0,0.0,46.5,317.0,48.8,50.4,697.8,1.6,10493.2,1065.8,1545.1,0.0,0.0,0.0,1054.9
Red Wine,Teroldego ,wt_ave_base,0.0,0.0,2600.0,0.0,1263.98,665.0,654.34,1195.0,811.24,1487.5,684.84,575.08,206.46,0.0,0.0,0.0,716.57
Red Wine,Tinta Cao ,brixfactor,100.0,0.0,100.0,0.0,0.0,100.0,0.0,100.0,0.0,100.0,100.0,0.0,33645.0,0.0,0.0,0.0,0.0
Red Wine,Tinta Cao ,tons,1.1,0.0,4.2,0.0,0.0,4.2,0.0,14.6,0.0,9.1,25.3,0.0,560.4,0.0,0.0,0.0,0.0
Red Wine,Tinta Cao ,wt_ave_base,1400.0,0.0,4729.11,0.0,0.0,1378.57,0.0,2082.94,0.0,1600.0,666.01,0.0,273.14,0.0,0.0,0.0,0.0
Red Wine,Tinta Madeira ,brixfactor,0.0,0.0,0.0,0.0,0.0,0.0,0.0,100.0,0.0,0.0,0.0,0.0,0.0,0.0,0.0,0.0,0.0
Red Wine,Tinta Madeira ,tons,0.0,0.0,0.0,0.0,0.0,0.0,0.0,2.4,0.0,0.0,0.0,0.0,0.0,0.0,0.0,0.0,0.0
Red Wine,Tinta Madeira ,wt_ave_base,0.0,0.0,0.0,0.0,0.0,0.0,0.0,725.0,0.0,0.0,0.0,0.0,0.0,0.0,0.0,0.0,0.0
Red Wine,Touriga Nacional * ,brixfactor,100.0,15050.0,100.0,100.0,0.0,7000.0,0.0,8805.57142857143,100.0,4857.142857142857,15784.933333333332,10550.0,13518.0,0.0,0.0,0.0,0.0
Red Wine,Touriga Nacional * ,tons,14.1,20.2,4.3,8.1,0.0,8.7,0.0,58.2,2.9,21.4,1920.3,4.5,2311.7,0.0,0.0,0.0,0.0
Red Wine,Touriga Nacional * ,wt_ave_base,1400.0,1740.59,3000.0,3703.7,0.0,1647.7,0.0,2153.08,850.0,1513.08,571.99,1200.0,181.81,0.0,0.0,0.0,0.0
Red Wine,Trousseau * ,brixfactor,100.0,12200.0,6784.0,0.0,0.0,0.0,4810.0,100.0,0.0,100.0,100.0,0.0,0.0,0.0,0.0,0.0,0.0
Red Wine,Trousseau * ,tons,4.3,20.9,10.5,0.0,0.0,0.0,5.8,3.7,0.0,4.0,4.6,0.0,0.0,0.0,0.0,0.0,0.0
Red Wine,Trousseau * ,wt_ave_base,2337.21,1800.0,2737.26,0.0,0.0,0.0,2550.4,1500.0,0.0,2100.0,1150.0,0.0,0.0,0.0,0.0,0.0,0.0
Red Wine,Zinfandel ,brixfactor,11231.035714285714,8217.391304347826,9335.455830388693,6183.760683760684,3040.0,6421.108695652174,1153.8461538461538,10403.288888888888,6657.142857142857,10469.342465753425,19866.985714285714,12164.166666666666,14579.767441860466,8207.142857142857,4266.666666666667,7887.5,3400.0
Red Wine,Zinfandel ,tons,3725.2,1086.4,10595.8,2402.1,175.5,2003.1,588.2,4177.0,260.7,3010.9,105306.0,4556.3,134507.1,32790.3,368.1,142.1,2502.6
Red Wine,Zinfandel ,wt_ave_base,1737.41,1551.31,3141.9,4338.59,1883.52,1173.64,758.69,1737.28,777.45,1613.96,598.41,283.61,291.1,209.91,673.32,1920.35,249.57
Table,Arra ,brixfactor,0.0,0.0,0.0,0.0,0.0,0.0,0.0,0.0,0.0,0.0,0.0,0.0,0.0,100.0,0.0,0.0,0.0
Table,Arra ,tons,0.0,0.0,0.0,0.0,0.0,0.0,0.0,0.0,0.0,0.0,0.0,0.0,0.0,3180.5,0.0,0.0,0.0
Table,Arra ,wt_ave_base,0.0,0.0,0.0,0.0,0.0,0.0,0.0,0.0,0.0,0.0,0.0,0.0,0.0,163.06,0.0,0.0,0.0
Table,Autumn King ,brixfactor,0.0,0.0,0.0,0.0,0.0,0.0,0.0,0.0,0.0,0.0,0.0,0.0,0.0,100.0,0.0,0.0,0.0
Table,Autumn King ,tons,0.0,0.0,0.0,0.0,0.0,0.0,0.0,0.0,0.0,0.0,0.0,0.0,0.0,2661.0,0.0,0.0,0.0
Table,Autumn King ,wt_ave_base,0.0,0.0,0.0,0.0,0.0,0.0,0.0,0.0,0.0,0.0,0.0,0.0,0.0,160.4,0.0,0.0,0.0
Table,Crimson Seedless * ,brixfactor,0.0,0.0,0.0,0.0,0.0,0.0,0.0,0.0,0.0,0.0,0.0,0.0,0.0,100.0,0.0,0.0,0.0
Table,Crimson Seedless * ,tons,0.0,0.0,0.0,0.0,0.0,0.0,0.0,0.0,0.0,0.0,0.0,0.0,0.0,64.4,0.0,0.0,0.0
Table,Crimson Seedless * ,wt_ave_base,0.0,0.0,0.0,0.0,0.0,0.0,0.0,0.0,0.0,0.0,0.0,0.0,0.0,160.0,0.0,0.0,0.0
Table,Flame Seedless * ,brixfactor,0.0,0.0,0.0,0.0,0.0,0.0,0.0,0.0,0.0,0.0,0.0,0.0,0.0,100.0,0.0,0.0,0.0
Table,Flame Seedless * ,tons,0.0,0.0,0.0,0.0,0.0,0.0,0.0,0.0,0.0,0.0,0.0,0.0,0.0,5064.2,0.0,0.0,0.0
Table,Flame Seedless * ,wt_ave_base,0.0,0.0,0.0,0.0,0.0,0.0,0.0,0.0,0.0,0.0,0.0,0.0,0.0,188.8,0.0,0.0,0.0
Table,Ivory Seedless ,brixfactor,0.0,0.0,0.0,0.0,0.0,0.0,0.0,0.0,0.0,0.0,0.0,0.0,0.0,100.0,0.0,0.0,0.0
Table,Ivory Seedless ,tons,0.0,0.0,0.0,0.0,0.0,0.0,0.0,0.0,0.0,0.0,0.0,0.0,0.0,1319.3,0.0,0.0,0.0
Table,Ivory Seedless ,wt_ave_base,0.0,0.0,0.0,0.0,0.0,0.0,0.0,0.0,0.0,0.0,0.0,0.0,0.0,350.0,0.0,0.0,0.0
Table,Other Table  b/ ,brixfactor,0.0,0.0,0.0,0.0,0.0,0.0,100.0,100.0,0.0,100.0,0.0,0.0,100.0,100.0,0.0,100.0,0.0
Table,Other Table  b/ ,tons,0.0,0.0,0.0,0.0,0.0,0.0,0.4,2.3,0.0,0.3,0.0,0.0,5.1,20718.6,0.0,5.0,0.0
Table,Other Table  b/ ,wt_ave_base,0.0,0.0,0.0,0.0,0.0,0.0,700.0,1200.0,0.0,1200.0,0.0,0.0,275.0,333.13,0.0,500.0,0.0
Table,Princess * ,brixfactor,0.0,0.0,0.0,0.0,0.0,0.0,0.0,0.0,0.0,0.0,0.0,0.0,0.0,100.0,0.0,0.0,0.0
Table,Princess * ,tons,0.0,0.0,0.0,0.0,0.0,0.0,0.0,0.0,0.0,0.0,0.0,0.0,0.0,516.6,0.0,0.0,0.0
Table,Princess * ,wt_ave_base,0.0,0.0,0.0,0.0,0.0,0.0,0.0,0.0,0.0,0.0,0.0,0.0,0.0,160.0,0.0,0.0,0.0
Table,Pristine ,brixfactor,0.0,0.0,0.0,0.0,0.0,0.0,0.0,0.0,0.0,0.0,0.0,0.0,0.0,100.0,0.0,0.0,0.0
Table,Pristine ,tons,0.0,0.0,0.0,0.0,0.0,0.0,0.0,0.0,0.0,0.0,0.0,0.0,0.0,29.5,0.0,0.0,0.0
Table,Pristine ,wt_ave_base,0.0,0.0,0.0,0.0,0.0,0.0,0.0,0.0,0.0,0.0,0.0,0.0,0.0,160.0,0.0,0.0,0.0
Table,Red Globe * ,brixfactor,0.0,0.0,100.0,0.0,0.0,0.0,0.0,0.0,0.0,0.0,0.0,0.0,0.0,100.0,0.0,0.0,0.0
Table,Red Globe * ,tons,0.0,0.0,19.7,0.0,0.0,0.0,0.0,0.0,0.0,0.0,0.0,0.0,0.0,367.4,0.0,0.0,0.0
Table,Red Globe * ,wt_ave_base,0.0,0.0,3000.0,0.0,0.0,0.0,0.0,0.0,0.0,0.0,0.0,0.0,0.0,162.51,0.0,0.0,0.0
Table,Ruby Seedless * ,brixfactor,0.0,0.0,0.0,0.0,0.0,0.0,0.0,0.0,0.0,0.0,0.0,0.0,0.0,100.0,0.0,0.0,0.0
Table,Ruby Seedless * ,tons,0.0,0.0,0.0,0.0,0.0,0.0,0.0,0.0,0.0,0.0,0.0,0.0,0.0,151.7,0.0,0.0,0.0
Table,Ruby Seedless * ,wt_ave_base,0.0,0.0,0.0,0.0,0.0,0.0,0.0,0.0,0.0,0.0,0.0,0.0,0.0,160.0,0.0,0.0,0.0
Table,Scarlet Royal ,brixfactor,0.0,0.0,0.0,0.0,0.0,0.0,0.0,0.0,0.0,0.0,0.0,0.0,0.0,100.0,0.0,0.0,0.0
Table,Scarlet Royal ,tons,0.0,0.0,0.0,0.0,0.0,0.0,0.0,0.0,0.0,0.0,0.0,0.0,0.0,2477.5,0.0,0.0,0.0
Table,Scarlet Royal ,wt_ave_base,0.0,0.0,0.0,0.0,0.0,0.0,0.0,0.0,0.0,0.0,0.0,0.0,0.0,161.74,0.0,0.0,0.0
Table,Sugraone * ,brixfactor,0.0,0.0,0.0,0.0,0.0,0.0,0.0,0.0,0.0,0.0,0.0,0.0,0.0,100.0,0.0,0.0,0.0
Table,Sugraone * ,tons,0.0,0.0,0.0,0.0,0.0,0.0,0.0,0.0,0.0,0.0,0.0,0.0,0.0,73.6,0.0,0.0,0.0
Table,Sugraone * ,wt_ave_base,0.0,0.0,0.0,0.0,0.0,0.0,0.0,0.0,0.0,0.0,0.0,0.0,0.0,160.0,0.0,0.0,0.0
Table,Summer Royal ,brixfactor,0.0,0.0,0.0,0.0,0.0,0.0,0.0,0.0,0.0,0.0,0.0,0.0,0.0,100.0,0.0,0.0,0.0
Table,Summer Royal ,tons,0.0,0.0,0.0,0.0,0.0,0.0,0.0,0.0,0.0,0.0,0.0,0.0,0.0,214.0,0.0,0.0,0.0
Table,Summer Royal ,wt_ave_base,0.0,0.0,0.0,0.0,0.0,0.0,0.0,0.0,0.0,0.0,0.0,0.0,0.0,350.0,0.0,0.0,0.0
Table,Sweet Sunshine ,brixfactor,0.0,0.0,0.0,0.0,0.0,0.0,0.0,0.0,0.0,0.0,0.0,0.0,0.0,100.0,0.0,0.0,0.0
Table,Sweet Sunshine ,tons,0.0,0.0,0.0,0.0,0.0,0.0,0.0,0.0,0.0,0.0,0.0,0.0,0.0,3636.7,0.0,0.0,0.0
Table,Sweet Sunshine ,wt_ave_base,0.0,0.0,0.0,0.0,0.0,0.0,0.0,0.0,0.0,0.0,0.0,0.0,0.0,175.69,0.0,0.0,0.0
White Wine,Albarino ,brixfactor,10700.0,0.0,3475.0,7614.285714285715,2850.0,100.0,6975.0,5328.125,3425.0,6550.0,7841.25,0.0,100.0,0.0,100.0,1475.0,14515.714285714286
White Wine,Albarino ,tons,1.6,0.0,50.2,39.0,201.3,0.3,388.6,185.0,25.6,25.9,755.8,0.0,14.7,0.0,0.8,40.6,1401.7
White Wine,Albarino ,wt_ave_base,2400.0,0.0,2531.1,4135.17,771.58,1400.0,1388.3,2033.48,1369.92,2093.24,775.72,0.0,500.11,0.0,1600.0,1966.89,675.35
White Wine,Arneis ,brixfactor,9450.0,0.0,0.0,5500.0,0.0,0.0,0.0,7020.0,0.0,11100.0,100.0,0.0,0.0,0.0,0.0,9466.666666666666,0.0
White Wine,Arneis ,tons,30.5,0.0,0.0,2.2,0.0,0.0,0.0,10.6,0.0,1.4,7.4,0.0,0.0,0.0,0.0,30.9,0.0
White Wine,Arneis ,wt_ave_base,1908.2,0.0,0.0,2759.61,0.0,0.0,0.0,2240.17,0.0,2300.0,2000.0,0.0,0.0,0.0,0.0,2278.17,0.0
White Wine,Burger * ,brixfactor,0.0,0.0,0.0,0.0,0.0,0.0,0.0,0.0,0.0,0.0,1800.0,400.0,2673.3333333333335,0.0,0.0,0.0,0.0
White Wine,Burger * ,tons,0.0,0.0,0.0,0.0,0.0,0.0,0.0,0.0,0.0,0.0,2645.6,795.6,20108.1,0.0,0.0,0.0,0.0
White Wine,Burger * ,wt_ave_base,0.0,0.0,0.0,0.0,0.0,0.0,0.0,0.0,0.0,0.0,274.16,275.0,266.95,0.0,0.0,0.0,0.0
White Wine,Chardonnay * ,brixfactor,8224.535353535353,10875.8,6693.705679862306,6817.878151260505,5564.285714285715,8524.25925925926,8218.970588235294,8964.036269430051,6462.333333333333,7179.310344827586,19998.166666666668,12500.214285714286,12448.285714285714,12016.666666666666,100.0,6464.285714285715,20777.0
White Wine,Chardonnay * ,tons,15402.5,1193.8,46787.5,14042.6,2575.4,1813.8,45243.6,16807.3,13247.9,525.5,119026.1,23594.2,83431.0,27239.4,4.1,93.0,44472.3
White Wine,Chardonnay * ,wt_ave_base,1327.84,1309.06,2414.55,3031.48,938.75,1019.62,1340.62,1441.11,599.2,1416.25,515.87,455.79,381.86,333.68,1326.83,1876.16,600.14
White Wine,Chenin Blanc ,brixfactor,4466.785714285715,0.0,5360.0,2028.5714285714287,100.0,0.0,4737.5,6060.526315789473,8701.666666666666,2416.6666666666665,6597.777777777777,25095.0,7541.666666666667,0.0,0.0,100.0,5564.0
White Wine,Chenin Blanc ,tons,130.7,0.0,35.2,18.7,438.7,0.0,126.3,291.3,115.8,19.8,1995.0,4513.6,16872.0,0.0,0.0,4.5,8692.5
White Wine,Chenin Blanc ,wt_ave_base,1723.96,0.0,1770.74,3003.18,445.61,0.0,1431.75,1543.99,519.49,1830.3,417.81,256.22,294.04,0.0,0.0,1693.33,451.51
White Wine,Cortese ,brixfactor,100.0,0.0,0.0,0.0,0.0,0.0,0.0,0.0,0.0,0.0,0.0,0.0,0.0,0.0,0.0,0.0,2700.0
White Wine,Cortese ,tons,9.3,0.0,0.0,0.0,0.0,0.0,0.0,0.0,0.0,0.0,0.0,0.0,0.0,0.0,0.0,0.0,60.3
White Wine,Cortese ,wt_ave_base,2000.0,0.0,0.0,0.0,0.0,0.0,0.0,0.0,0.0,0.0,0.0,0.0,0.0,0.0,0.0,0.0,607.86
White Wine,Fiano ,brixfactor,0.0,0.0,4433.333333333333,100.0,0.0,100.0,0.0,100.0,100.0,11360.0,100.0,0.0,0.0,0.0,0.0,100.0,100.0
White Wine,Fiano ,tons,0.0,0.0,16.5,2.2,0.0,7.1,0.0,5.3,9.2,5.2,8.1,0.0,0.0,0.0,0.0,3.1,5.5
White Wine,Fiano ,wt_ave_base,0.0,0.0,2409.7,2765.69,0.0,1800.0,0.0,2211.32,1236.96,1792.31,1080.0,0.0,0.0,0.0,0.0,2135.48,1060.0
White Wine,Flora ,brixfactor,0.0,0.0,0.0,7400.0,0.0,0.0,0.0,0.0,0.0,0.0,0.0,0.0,0.0,0.0,0.0,0.0,0.0
White Wine,Flora ,tons,0.0,0.0,0.0,20.8,0.0,0.0,0.0,0.0,0.0,0.0,0.0,0.0,0.0,0.0,0.0,0.0,0.0
White Wine,Flora ,wt_ave_base,0.0,0.0,0.0,2310.11,0.0,0.0,0.0,0.0,0.0,0.0,0.0,0.0,0.0,0.0,0.0,0.0,0.0
White Wine,French Colombard ,brixfactor,4985.625,0.0,2800.0,0.0,0.0,0.0,0.0,0.0,4600.0,0.0,3700.0,0.0,12427.96875,9100.0,0.0,0.0,0.0
White Wine,French Colombard ,tons,122.9,0.0,50.6,0.0,0.0,0.0,0.0,0.0,4.6,0.0,3040.7,0.0,245860.3,38450.8,0.0,0.0,0.0
White Wine,French Colombard ,wt_ave_base,1232.48,0.0,1328.13,0.0,0.0,0.0,0.0,0.0,1526.09,0.0,306.07,0.0,277.23,256.68,0.0,0.0,0.0
White Wine,Gewurztraminer ,brixfactor,4150.0,100.0,1225.0,100.0,10800.0,14400.0,8174.375,100.0,100.0,0.0,100.0,0.0,0.0,0.0,0.0,0.0,16778.2
White Wine,Gewurztraminer ,tons,202.0,82.6,86.0,8.7,237.3,0.1,5267.7,17.7,10.9,0.0,125.2,0.0,0.0,0.0,0.0,0.0,5504.3
White Wine,Gewurztraminer ,wt_ave_base,2154.79,1623.15,1967.57,2000.0,700.0,2000.0,772.74,1435.03,1880.73,0.0,583.87,0.0,0.0,0.0,0.0,0.0,597.52
White Wine,Gray Riesling * ,brixfactor,0.0,0.0,3304.375,0.0,0.0,0.0,0.0,0.0,0.0,0.0,100.0,0.0,0.0,0.0,0.0,0.0,0.0
White Wine,Gray Riesling * ,tons,0.0,0.0,39.4,0.0,0.0,0.0,0.0,0.0,0.0,0.0,30.0,0.0,0.0,0.0,0.0,0.0,0.0
White Wine,Gray Riesling * ,wt_ave_base,0.0,0.0,2505.91,0.0,0.0,0.0,0.0,0.0,0.0,0.0,600.0,0.0,0.0,0.0,0.0,0.0,0.0
White Wine,Grenache Blanc ,brixfactor,100.0,100.0,4890.0,4666.666666666667,100.0,0.0,1887.5,5476.322033898305,4250.0,3766.6666666666665,10880.0,0.0,1783.75,0.0,2200.0,100.0,0.0
White Wine,Grenache Blanc ,tons,1.0,1.1,64.6,30.9,3.5,0.0,52.8,582.8,22.9,44.8,57.5,0.0,307.3,0.0,3.1,16.1,0.0
White Wine,Grenache Blanc ,wt_ave_base,1900.0,2000.0,3081.96,2496.47,2748.58,0.0,1654.79,1789.28,1550.41,2034.38,1028.35,0.0,368.83,0.0,2200.0,2059.63,0.0
White Wine,Grenache Gris ,brixfactor,5700.0,0.0,0.0,0.0,0.0,0.0,100.0,100.0,0.0,0.0,0.0,0.0,0.0,0.0,0.0,0.0,0.0
White Wine,Grenache Gris ,tons,10.9,0.0,0.0,0.0,0.0,0.0,35.2,5.9,0.0,0.0,0.0,0.0,0.0,0.0,0.0,0.0,0.0
White Wine,Grenache Gris ,wt_ave_base,3000.0,0.0,0.0,0.0,0.0,0.0,350.0,2350.0,0.0,0.0,0.0,0.0,0.0,0.0,0.0,0.0,0.0
White Wine,Gruner Veltliner ,brixfactor,8550.0,0.0,100.0,100.0,0.0,100.0,13620.0,472.72727272727275,100.0,0.0,0.0,0.0,0.0,0.0,0.0,0.0,21325.0
White Wine,Gruner Veltliner ,tons,3.1,0.0,3.4,1.7,0.0,1.9,303.1,71.4,1.1,0.0,0.0,0.0,0.0,0.0,0.0,0.0,78.0
White Wine,Gruner Veltliner ,wt_ave_base,2080.65,0.0,2700.0,1800.0,0.0,2000.0,1204.62,2082.69,1200.0,0.0,0.0,0.0,0.0,0.0,0.0,0.0,581.42
White Wine,Malvasia Bianca ,brixfactor,0.0,0.0,10450.0,3766.6666666666665,100.0,100.0,14160.0,3814.285714285714,100.0,0.0,19217.5,100.0,7616.666666666667,0.0,0.0,13400.0,0.0
White Wine,Malvasia Bianca ,tons,0.0,0.0,26.1,4.4,3.0,26.5,337.5,84.0,0.5,0.0,1099.6,354.6,22.1,0.0,0.0,7.2,0.0
White Wine,Malvasia Bianca ,wt_ave_base,0.0,0.0,2164.75,2690.91,1500.0,1179.62,1254.22,953.98,750.0,0.0,403.36,413.85,710.41,0.0,0.0,967.0,0.0
White Wine,Marsanne ,brixfactor,100.0,0.0,4220.0,70635.0,0.0,0.0,100.0,8011.764705882353,0.0,2262.5,0.0,0.0,1447.0,0.0,0.0,100.0,0.0
White Wine,Marsanne ,tons,13.8,0.0,44.1,2.4,0.0,0.0,32.3,55.2,0.0,39.6,0.0,0.0,25.6,0.0,0.0,3.5,0.0
White Wine,Marsanne ,wt_ave_base,2782.61,0.0,2655.91,5200.0,0.0,0.0,1272.25,2106.39,0.0,2074.01,0.0,0.0,1223.34,0.0,0.0,1442.86,0.0
White Wine,Melon ,brixfactor,0.0,0.0,8950.0,0.0,0.0,0.0,3465.0,100.0,0.0,0.0,0.0,0.0,0.0,0.0,0.0,0.0,0.0
White Wine,Melon ,tons,0.0,0.0,14.1,0.0,0.0,0.0,9.9,30.4,0.0,0.0,0.0,0.0,0.0,0.0,0.0,0.0,0.0
White Wine,Melon ,wt_ave_base,0.0,0.0,2146.0,0.0,0.0,0.0,2793.94,2289.47,0.0,0.0,0.0,0.0,0.0,0.0,0.0,0.0,0.0
White Wine,Moscato Gaillo * ,brixfactor,0.0,0.0,0.0,0.0,0.0,0.0,0.0,100.0,0.0,100.0,0.0,0.0,0.0,0.0,0.0,0.0,0.0
White Wine,Moscato Gaillo * ,tons,0.0,0.0,0.0,0.0,0.0,0.0,0.0,0.8,0.0,3.2,0.0,0.0,0.0,0.0,0.0,0.0,0.0
White Wine,Moscato Gaillo * ,wt_ave_base,0.0,0.0,0.0,0.0,0.0,0.0,0.0,1500.0,0.0,1800.0,0.0,0.0,0.0,0.0,0.0,0.0,0.0
White Wine,Muscat Blanc * ,brixfactor,3957.1428571428573,11079.09090909091,100.0,4216.666666666667,100.0,100.0,19025.0,4445.0,4600.0,6360.0,10228.125,0.0,4452.777777777777,8650.0,100.0,4091.6666666666665,100.0
White Wine,Muscat Blanc * ,tons,90.4,210.5,18.5,53.4,49.8,34.4,517.2,274.8,357.2,17.9,2969.5,0.0,6878.8,11389.5,1.8,119.3,396.1
White Wine,Muscat Blanc * ,wt_ave_base,1000.64,1256.85,3110.2,2373.1,1419.5,686.34,1186.33,1253.08,1222.14,1398.88,239.79,0.0,365.16,159.49,1200.0,1884.79,607.95
White Wine,Muscat Orange ,brixfactor,16300.0,20800.0,0.0,0.0,0.0,0.0,0.0,3044.4444444444443,100.0,5940.0,100.0,100.0,100.0,0.0,0.0,13100.0,0.0
White Wine,Muscat Orange ,tons,17.1,15.0,0.0,0.0,0.0,0.0,0.0,150.5,454.0,46.4,606.0,997.1,737.0,0.0,0.0,0.1,0.0
White Wine,Muscat Orange ,wt_ave_base,1859.75,1550.0,0.0,0.0,0.0,0.0,0.0,1320.7,355.14,1219.61,506.71,482.15,410.69,0.0,0.0,1700.0,0.0
White Wine,Muscat of Alexandria ,brixfactor,0.0,0.0,100.0,100.0,0.0,0.0,0.0,0.0,100.0,6000.0,100.0,14166.666666666666,7530.0,5757.142857142857,100.0,0.0,20700.0
White Wine,Muscat of Alexandria ,tons,0.0,0.0,1.9,4.0,0.0,0.0,0.0,0.0,3.2,7.4,24.8,2898.9,129224.2,33251.8,1.0,0.0,90.4
White Wine,Muscat of Alexandria ,wt_ave_base,0.0,0.0,6000.0,2038.0,0.0,0.0,0.0,0.0,2200.0,1721.62,350.0,308.87,280.51,264.97,1600.0,0.0,891.48
White Wine,Other White  b/ ,brixfactor,100.0,0.0,6448.071428571428,100.0,100.0,100.0,100.0,1138.4615384615386,6262.0,6310.0,100.0,0.0,100.0,100.0,100.0,100.0,100.0
White Wine,Other White  b/ ,tons,3.3,0.0,20.4,0.5,1.8,7.9,24.0,50.3,17.6,18.8,2540.2,0.0,42.4,4050.0,36.3,9.0,70.4
White Wine,Other White  b/ ,wt_ave_base,3000.0,0.0,2741.91,2507.96,1800.0,469.06,1280.7,1751.56,1374.43,2184.04,402.52,0.0,157.31,199.72,545.45,2205.56,484.4
White Wine,Palomino * ,brixfactor,0.0,0.0,11500.0,0.0,0.0,100.0,0.0,0.0,0.0,0.0,0.0,0.0,500.0,0.0,100.0,100.0,0.0
White Wine,Palomino * ,tons,0.0,0.0,7.7,0.0,0.0,17.9,0.0,0.0,0.0,0.0,0.0,0.0,732.8,0.0,10.0,19.0,0.0
White Wine,Palomino * ,wt_ave_base,0.0,0.0,2453.77,0.0,0.0,2000.0,0.0,0.0,0.0,0.0,0.0,0.0,245.62,0.0,500.0,500.0,0.0
White Wine,Pecorino ,brixfactor,0.0,0.0,0.0,0.0,0.0,0.0,0.0,0.0,0.0,0.0,0.0,0.0,0.0,0.0,0.0,100.0,0.0
White Wine,Pecorino ,tons,0.0,0.0,0.0,0.0,0.0,0.0,0.0,0.0,0.0,0.0,0.0,0.0,0.0,0.0,0.0,17.0,0.0
White Wine,Pecorino ,wt_ave_base,0.0,0.0,0.0,0.0,0.0,0.0,0.0,0.0,0.0,0.0,0.0,0.0,0.0,0.0,0.0,2300.0,0.0
White Wine,Picpoul Blanc ,brixfactor,100.0,100.0,4375.0,100.0,0.0,0.0,100.0,4562.5,100.0,5002.857142857143,9400.0,0.0,2345.0,0.0,0.0,100.0,0.0
White Wine,Picpoul Blanc ,tons,0.9,0.6,4.6,6.6,0.0,0.0,35.0,44.3,0.3,19.3,1.1,0.0,8.0,0.0,0.0,1.5,0.0
White Wine,Picpoul Blanc ,wt_ave_base,4000.0,1300.0,2797.83,2000.0,0.0,0.0,1003.0,2393.78,1750.0,2100.0,1750.0,0.0,1218.75,0.0,0.0,2200.0,0.0
White Wine,Pinot Blanc ,brixfactor,9480.0,17800.0,4325.0,2000.0,0.0,16200.0,1928.5714285714287,2237.5,0.0,17400.0,100.0,0.0,0.0,0.0,0.0,0.0,0.0
White Wine,Pinot Blanc ,tons,42.7,1.1,160.8,37.5,0.0,12.1,566.2,61.8,0.0,1.0,0.7,0.0,0.0,0.0,0.0,0.0,0.0
White Wine,Pinot Blanc ,wt_ave_base,1477.11,4000.0,2276.11,1929.87,0.0,1317.52,1258.99,3450.41,0.0,1500.0,1000.0,0.0,0.0,0.0,0.0,0.0,0.0
White Wine,Pinot Gris * ,brixfactor,1553.3333333333333,10450.0,7016.0,2300.0,7219.833333333333,4677.272727272727,8196.666666666666,4970.731707317073,8880.0,4042.8571428571427,14264.478260869566,11673.190476190477,8265.0,4550.0,0.0,6012.5,19869.1
White Wine,Pinot Gris * ,tons,244.5,79.7,822.0,220.2,1808.3,553.2,6271.6,1622.8,3870.7,45.1,68472.0,32911.2,62030.9,12936.1,0.0,56.3,18784.1
White Wine,Pinot Gris * ,wt_ave_base,1637.35,1290.46,1907.19,1879.17,704.18,344.47,1196.45,1007.67,349.14,1277.94,503.0,300.55,417.12,167.75,0.0,1986.2,589.91
White Wine,Ribolla Gialla * ,brixfactor,0.0,0.0,8025.0,3800.0,0.0,0.0,0.0,0.0,0.0,0.0,0.0,0.0,0.0,0.0,0.0,0.0,0.0
White Wine,Ribolla Gialla * ,tons,0.0,0.0,16.3,18.2,0.0,0.0,0.0,0.0,0.0,0.0,0.0,0.0,0.0,0.0,0.0,0.0,0.0
White Wine,Ribolla Gialla * ,wt_ave_base,0.0,0.0,2788.34,3424.76,0.0,0.0,0.0,0.0,0.0,0.0,0.0,0.0,0.0,0.0,0.0,0.0,0.0
White Wine,Roussanne ,brixfactor,100.0,8333.333333333334,4457.142857142857,0.0,0.0,0.0,0.0,5665.0,2750.0,6818.222222222223,100.0,0.0,2345.0,0.0,0.0,3150.0,0.0
White Wine,Roussanne ,tons,41.2,45.1,69.6,0.0,0.0,0.0,0.0,219.3,12.5,50.8,39.6,0.0,11.4,0.0,0.0,49.9,0.0
White Wine,Roussanne ,wt_ave_base,2107.43,1568.3,2892.78,0.0,0.0,0.0,0.0,2417.86,1477.2,1960.25,919.7,0.0,1191.55,0.0,0.0,1646.06,0.0
White Wine,Sauvignon Blanc ,brixfactor,6549.8125,9161.085714285715,7053.9064327485385,4955.428571428572,2662.5,4738.0952380952385,5482.35294117647,7627.036144578313,2700.0,6910.526315789473,13716.576923076924,15887.4,3300.0,100.0,100.0,8460.0,17286.322580645163
White Wine,Sauvignon Blanc ,tons,2669.9,12373.4,10460.9,7153.5,415.7,474.9,3940.3,6055.7,293.9,458.1,21537.4,5107.0,991.9,3490.9,1.5,48.8,11177.7
White Wine,Sauvignon Blanc ,wt_ave_base,1392.56,1247.27,1814.4,2485.34,1081.9,837.67,1191.29,1427.48,585.59,1061.41,508.59,500.42,518.37,195.02,1100.0,1807.92,546.78
White Wine,Sauvignon Gris ,brixfactor,0.0,0.0,0.0,100.0,0.0,0.0,0.0,0.0,0.0,0.0,0.0,0.0,0.0,0.0,0.0,0.0,0.0
White Wine,Sauvignon Gris ,tons,0.0,0.0,0.0,2.9,0.0,0.0,0.0,0.0,0.0,0.0,0.0,0.0,0.0,0.0,0.0,0.0,0.0
White Wine,Sauvignon Gris ,wt_ave_base,0.0,0.0,0.0,2373.82,0.0,0.0,0.0,0.0,0.0,0.0,0.0,0.0,0.0,0.0,0.0,0.0,0.0
White Wine,Sauvignon Musque ,brixfactor,100.0,14700.0,2514.285714285714,1812.5,0.0,0.0,3833.3333333333335,100.0,100.0,0.0,0.0,0.0,0.0,0.0,0.0,0.0,0.0
White Wine,Sauvignon Musque ,tons,91.7,152.3,145.9,130.1,0.0,0.0,40.5,14.7,0.3,0.0,0.0,0.0,0.0,0.0,0.0,0.0,0.0
White Wine,Sauvignon Musque ,wt_ave_base,1600.0,1303.68,1820.39,2461.12,0.0,0.0,1543.95,2000.0,1500.0,0.0,0.0,0.0,0.0,0.0,0.0,0.0,0.0
White Wine,Sauvignon Vert * ,brixfactor,0.0,0.0,100.0,2260.0,0.0,0.0,0.0,0.0,0.0,0.0,0.0,0.0,0.0,0.0,0.0,0.0,0.0
White Wine,Sauvignon Vert * ,tons,0.0,0.0,7.8,16.4,0.0,0.0,0.0,0.0,0.0,0.0,0.0,0.0,0.0,0.0,0.0,0.0,0.0
White Wine,Sauvignon Vert * ,wt_ave_base,0.0,0.0,2408.75,2739.33,0.0,0.0,0.0,0.0,0.0,0.0,0.0,0.0,0.0,0.0,0.0,0.0,0.0
White Wine,Semillon ,brixfactor,3444.4444444444443,4980.0,2090.0,2462.8571428571427,0.0,17000.0,100.0,6260.0,100.0,9890.0,100.0,0.0,0.0,0.0,0.0,100.0,100.0
White Wine,Semillon ,tons,65.1,123.5,173.7,287.9,0.0,0.8,8.1,17.1,1.3,30.6,1091.1,0.0,0.0,0.0,0.0,0.4,525.1
White Wine,Semillon ,wt_ave_base,1695.39,1270.2,2498.42,3089.01,0.0,1600.0,1675.0,2050.58,1400.0,1353.04,316.97,0.0,0.0,0.0,0.0,1600.0,297.14
White Wine,St. Emilion * ,brixfactor,0.0,0.0,0.0,0.0,0.0,0.0,0.0,100.0,100.0,0.0,0.0,0.0,0.0,0.0,0.0,0.0,0.0
White Wine,St. Emilion * ,tons,0.0,0.0,0.0,0.0,0.0,0.0,0.0,2.7,4.9,0.0,0.0,0.0,0.0,0.0,0.0,0.0,0.0
White Wine,St. Emilion * ,wt_ave_base,0.0,0.0,0.0,0.0,0.0,0.0,0.0,2766.67,2077.55,0.0,0.0,0.0,0.0,0.0,0.0,0.0,0.0
White Wine,Symphony ,brixfactor,0.0,0.0,0.0,0.0,100.0,0.0,0.0,0.0,0.0,0.0,3942.8571428571427,2700.0,7350.0,0.0,0.0,0.0,850.0
White Wine,Symphony ,tons,0.0,0.0,0.0,0.0,134.2,0.0,0.0,0.0,0.0,0.0,1899.5,1709.9,10030.1,0.0,0.0,0.0,147.4
White Wine,Symphony ,wt_ave_base,0.0,0.0,0.0,0.0,270.0,0.0,0.0,0.0,0.0,0.0,279.72,277.1,267.42,0.0,0.0,0.0,267.82
White Wine,Tocai Friulano ,brixfactor,100.0,0.0,7000.0,2733.3333333333335,0.0,0.0,0.0,100.0,0.0,100.0,100.0,0.0,0.0,0.0,0.0,0.0,0.0
White Wine,Tocai Friulano ,tons,27.0,0.0,6.0,7.9,0.0,0.0,0.0,6.8,0.0,4.4,2.2,0.0,0.0,0.0,0.0,0.0,0.0
White Wine,Tocai Friulano ,wt_ave_base,1490.74,0.0,2690.83,3347.78,0.0,0.0,0.0,2392.23,0.0,1900.0,450.0,0.0,0.0,0.0,0.0,0.0,0.0
White Wine,Torrontes ,brixfactor,0.0,0.0,0.0,0.0,0.0,0.0,0.0,14000.0,0.0,0.0,2975.0,100.0,0.0,0.0,0.0,0.0,0.0
White Wine,Torrontes ,tons,0.0,0.0,0.0,0.0,0.0,0.0,0.0,0.5,0.0,0.0,19.9,0.9,0.0,0.0,0.0,0.0,0.0
White Wine,Torrontes ,wt_ave_base,0.0,0.0,0.0,0.0,0.0,0.0,0.0,2200.0,0.0,0.0,1466.83,1450.0,0.0,0.0,0.0,0.0,0.0
White Wine,Triplett Blanc ,brixfactor,0.0,0.0,0.0,0.0,0.0,0.0,0.0,0.0,0.0,0.0,0.0,0.0,4366.666666666667,0.0,0.0,0.0,0.0
White Wine,Triplett Blanc ,tons,0.0,0.0,0.0,0.0,0.0,0.0,0.0,0.0,0.0,0.0,0.0,0.0,12745.7,0.0,0.0,0.0,0.0
White Wine,Triplett Blanc ,wt_ave_base,0.0,0.0,0.0,0.0,0.0,0.0,0.0,0.0,0.0,0.0,0.0,0.0,226.49,0.0,0.0,0.0,0.0
White Wine,Verdejo ,brixfactor,0.0,0.0,100.0,100.0,100.0,0.0,0.0,17000.0,0.0,11433.333333333334,3766.6666666666665,0.0,0.0,0.0,0.0,0.0,100.0
White Wine,Verdejo ,tons,0.0,0.0,3.4,2.0,1.8,0.0,0.0,1.2,0.0,13.9,19.0,0.0,0.0,0.0,0.0,0.0,7.0
White Wine,Verdejo ,wt_ave_base,0.0,0.0,1725.0,2500.0,600.0,0.0,0.0,1600.0,0.0,1406.47,1630.53,0.0,0.0,0.0,0.0,0.0,1428.57
White Wine,Verdelho ,brixfactor,0.0,0.0,100.0,0.0,100.0,100.0,0.0,9600.0,100.0,5475.0,1770.0,100.0,100.0,0.0,0.0,100.0,21400.0
White Wine,Verdelho ,tons,0.0,0.0,1.0,0.0,9.3,12.9,0.0,34.3,180.6,13.0,2734.6,7.0,15.0,0.0,0.0,7.1,183.9
White Wine,Verdelho ,wt_ave_base,0.0,0.0,2000.0,0.0,1136.56,1300.0,0.0,1438.78,1953.31,1593.37,538.54,1440.0,1500.0,0.0,0.0,2100.0,580.96
White Wine,Vermentino * ,brixfactor,0.0,100.0,2420.0,3516.6666666666665,0.0,0.0,5700.0,5200.0,4000.0,5569.2307692307695,7914.285714285715,0.0,0.0,0.0,0.0,1933.3333333333333,0.0
White Wine,Vermentino * ,tons,0.0,4.2,87.5,34.5,0.0,0.0,30.2,51.4,37.7,53.6,764.6,0.0,0.0,0.0,0.0,83.7,0.0
White Wine,Vermentino * ,wt_ave_base,0.0,1800.0,2376.34,2175.52,0.0,0.0,1070.55,2072.91,1700.0,1837.85,558.38,0.0,0.0,0.0,0.0,2122.77,0.0
White Wine,Vernaccia ,brixfactor,0.0,0.0,100.0,0.0,0.0,0.0,0.0,0.0,0.0,0.0,100.0,0.0,0.0,0.0,0.0,0.0,0.0
White Wine,Vernaccia ,tons,0.0,0.0,24.7,0.0,0.0,0.0,0.0,0.0,0.0,0.0,6.4,0.0,0.0,0.0,0.0,0.0,0.0
White Wine,Vernaccia ,wt_ave_base,0.0,0.0,2684.55,0.0,0.0,0.0,0.0,0.0,0.0,0.0,2300.0,0.0,0.0,0.0,0.0,0.0,0.0
White Wine,Viognier ,brixfactor,10345.0,7066.666666666667,5178.571428571428,8322.894736842105,100.0,5250.0,1977.7777777777778,6067.041237113402,7740.0,5765.625,25318.935483870966,4550.0,7828.571428571428,100.0,1150.0,6733.333333333333,31368.333333333332
White Wine,Viognier ,tons,225.5,67.6,335.6,69.7,117.8,12.4,79.1,1244.2,462.4,172.7,7763.2,1712.3,86.6,1.1,3.2,54.9,2445.3
White Wine,Viognier ,wt_ave_base,1409.51,1373.34,2696.31,3780.3,792.39,1537.1,1601.06,1369.52,1567.26,1728.74,457.68,438.75,547.58,1500.0,1956.94,1620.0,584.88
White Wine,White Riesling * ,brixfactor,5300.0,100.0,4573.333333333333,100.0,7722.6,3717.5,7305.0,688.8888888888889,100.0,100.0,14391.625,16001.666666666666,20800.0,0.0,100.0,2125.0,14087.25
White Wine,White Riesling * ,tons,120.8,46.3,139.5,132.6,416.3,6.9,4101.0,362.7,8.3,11.7,2570.9,1359.2,0.8,0.0,2.0,21.3,4886.9
White Wine,White Riesling * ,wt_ave_base,2459.83,1396.11,2293.27,2970.29,823.31,1660.87,812.25,1269.84,1609.64,1673.86,487.62,330.32,800.0,0.0,1500.0,1753.62,606.73
